class,ECE
Safe,0.507450359140156
Trace,0.4976591141358295
Contain,0.4752865800893313
